{
  "version": 1,
  "author": "Claudiu_piscu",
  "editor": "wokwi",
  "parts": [
    { "type": "wokwi-breadboard-half", "id": "bb1", "top": -127.8, "left": 348.4, "attrs": {} },
    { "type": "wokwi-arduino-uno", "id": "uno", "top": -47.4, "left": -58.2, "attrs": {} },
    {
      "type": "wokwi-analog-joystick",
      "id": "joystick1",
      "top": -211.8,
      "left": 245.4,
      "attrs": {}
    },
    {
      "type": "wokwi-led",
      "id": "led1",
      "top": -80.4,
      "left": 512.6,
      "attrs": { "color": "red" }
    },
    {
      "type": "wokwi-led",
      "id": "led2",
      "top": -32.4,
      "left": 512.6,
      "attrs": { "color": "red" }
    },
    {
      "type": "wokwi-led",
      "id": "led3",
      "top": -80.4,
      "left": 570.2,
      "attrs": { "color": "red" }
    },
    { "type": "wokwi-led", "id": "led4", "top": -80.4, "left": 455, "attrs": { "color": "red" } },
    {
      "type": "wokwi-resistor",
      "id": "r1",
      "top": -91.2,
      "left": 508.25,
      "rotate": 90,
      "attrs": { "value": "1000" }
    },
    {
      "type": "wokwi-resistor",
      "id": "r2",
      "top": -91.2,
      "left": 565.85,
      "rotate": 90,
      "attrs": { "value": "1000" }
    },
    {
      "type": "wokwi-resistor",
      "id": "r3",
      "top": -91.2,
      "left": 450.65,
      "rotate": 90,
      "attrs": { "value": "1000" }
    },
    {
      "type": "wokwi-resistor",
      "id": "r4",
      "top": 24,
      "left": 508.25,
      "rotate": 90,
      "attrs": { "value": "1000" }
    }
  ],
  "connections": [
    [ "uno:5V", "bb1:bp.1", "red", [ "v0" ] ],
    [ "bb1:bn.1", "uno:GND.2", "black", [ "v0" ] ],
    [ "joystick1:VCC", "bb1:bp.2", "red", [ "v28.8", "h113.6" ] ],
    [ "joystick1:GND", "bb1:bn.2", "black", [ "v0" ] ],
    [ "joystick1:VERT", "uno:A0", "green", [ "v144", "h-128.6" ] ],
    [ "joystick1:HORZ", "uno:A1", "green", [ "v163.2", "h-128.7" ] ],
    [ "uno:2", "joystick1:SEL", "blue", [ "v-38.4", "h119.3", "v-19.2" ] ],
    [ "led3:A", "bb1:24t.e", "", [ "$bb" ] ],
    [ "led3:C", "bb1:23t.e", "", [ "$bb" ] ],
    [ "bb1:bp.25", "bb1:tp.25", "red", [ "v-0.9", "h30.4", "v-172.8" ] ],
    [ "bb1:bn.25", "bb1:tn.25", "black", [ "v-1.3", "h40", "v-172.8" ] ],
    [ "led1:A", "bb1:18t.e", "", [ "$bb" ] ],
    [ "led1:C", "bb1:17t.e", "", [ "$bb" ] ],
    [ "r1:1", "bb1:tp.15", "", [ "$bb" ] ],
    [ "r1:2", "bb1:18t.c", "", [ "$bb" ] ],
    [ "r2:1", "bb1:tp.20", "", [ "$bb" ] ],
    [ "r2:2", "bb1:24t.c", "", [ "$bb" ] ],
    [ "r3:1", "bb1:tp.10", "", [ "$bb" ] ],
    [ "r3:2", "bb1:12t.c", "", [ "$bb" ] ],
    [ "led4:A", "bb1:12t.e", "", [ "$bb" ] ],
    [ "led4:C", "bb1:11t.e", "", [ "$bb" ] ],
    [ "led1:A", "uno:13", "green", [ "v0" ] ],
    [ "led3:A", "uno:12", "green", [ "v0" ] ],
    [ "r4:1", "uno:11", "green", [ "h0" ] ],
    [ "led4:A", "uno:10", "green", [ "v0" ] ],
    [ "bb1:tn.9", "bb1:11t.a", "green", [ "v0" ] ],
    [ "bb1:tn.14", "bb1:17t.a", "green", [ "v0" ] ],
    [ "bb1:tn.19", "bb1:23t.a", "green", [ "v0" ] ],
    [ "bb1:17b.j", "bb1:bn.14", "green", [ "v0" ] ],
    [ "r4:1", "bb1:18b.g", "", [ "$bb" ] ],
    [ "r4:2", "bb1:bp.15", "", [ "$bb" ] ],
    [ "led2:A", "bb1:18b.h", "", [ "$bb" ] ],
    [ "led2:C", "bb1:17b.h", "", [ "$bb" ] ]
  ],
  "dependencies": {}
}